genres,avaliacoes_positivas_percentual,concorrentes
"Animation & Modeling;Audio Production;Design & Illustration;Education;Early Access",100.00000000,1
"Adventure;Casual;RPG;Strategy;Early Access",100.00000000,1
"Sexual Content;Violent;Action;Indie;Simulation",100.00000000,1
"Gore;Action;Adventure;Casual;Indie;Early Access",100.00000000,1
Casual;RPG;Strategy,100.00000000,2
Casual;Indie;Utilities,100.00000000,1
"Sexual Content;Nudity;Violent;Gore;Adventure;Indie;Simulation;Strategy",100.00000000,1
Violent,100.00000000,1
"Adventure;Indie;Racing;Strategy;Early Access",100.00000000,1
Violent;Gore;Strategy,100.00000000,1
"Sexual Content;Nudity;Indie;RPG;Simulation",100.00000000,1
"Action;Adventure;Simulation;Strategy;Early Access",100.00000000,1
Violent;Gore;Adventure;Casual;RPG,100.00000000,1
Action;Casual;Racing;Sports,100.00000000,1
"Action;Adventure;Casual;Simulation;Sports;Strategy;Early Access",100.00000000,1
Gore;Adventure;Casual;Indie;Simulation,100.00000000,1
"Sexual Content;Violent;Gore;Adventure;Indie;RPG;Early Access",100.00000000,1
"Action;Adventure;Indie;Racing;Early Access",100.00000000,2
Violent;Gore;Adventure;Casual;Indie;RPG,100.00000000,1
Action;Adventure;Indie;Racing;RPG;Sports,100.00000000,1
"Violent;Action;Adventure;Casual;Indie;Early Access",100.00000000,1
"Sexual Content;Violent;Casual;Indie",100.00000000,1
"Sexual Content;Gore;RPG;Simulation;Strategy",100.00000000,1
"Sexual Content;Adventure;Indie;RPG",100.00000000,1
Action;Adventure;Casual;Indie;Sports;Strategy,100.00000000,1
"Casual;Indie;Racing;Strategy;Early Access",100.00000000,1
"Sexual Content;Nudity;Action;Indie;RPG",100.00000000,1
"Sexual Content;Action;Adventure;Casual;Indie;RPG;Early Access",100.00000000,1
"Violent;Action;Indie;Simulation;Early Access",100.00000000,1
"Design & Illustration;Education;Utilities;Early Access",100.00000000,1
"Sexual Content;Nudity;Casual;Indie;Simulation;Strategy",100.00000000,1
"Action;Casual;Massively Multiplayer;Strategy;Early Access",100.00000000,1
"Indie;Massively Multiplayer;RPG;Simulation;Strategy;Early Access",100.00000000,1
"Action;Casual;Indie;Racing;Sports;Strategy;Early Access",100.00000000,1
Action;Adventure;Casual;Indie;RPG;Simulation;Sports;Strategy,100.00000000,2
"Design & Illustration",98.41850000,2
"Action;Casual;Indie;RPG;Sports;Early Access",97.91670000,1
"Casual;Indie;Audio Production;Early Access",97.67440000,1
Violent;Action;Adventure;Casual;Indie;Simulation,97.43590000,1
Violent;Adventure;Indie;RPG;Simulation,97.23150000,1
"Sexual Content;Nudity;Violent;Action;Casual",97.10140000,1
"Sexual Content;Nudity;Violent;Gore;Adventure;Casual",96.92310000,1
Violent;Adventure;Casual;Indie;RPG;Simulation,96.87055000,2
Action;Adventure;Indie;RPG;Simulation;Sports,95.72190000,1
Action;Adventure;Indie;Racing;Sports,95.24690000,3
"Sexual Content;Nudity;Violent;Gore;Adventure;Indie",95.23810000,1
"Violent;Action;Adventure;Indie;Early Access",95.14930000,1
"Action;Adventure;Indie;Sports;Early Access",95.00000000,2
"Utilities;Game Development;Early Access",95.00000000,1
Violent;Gore;Action;Adventure;Simulation,93.87760000,1
"Animation & Modeling;Design & Illustration;Video Production",93.75000000,1
"Violent;Gore;Adventure;Indie;Strategy;Early Access",93.75000000,1
"Adventure;Casual;Simulation;Early Access",93.66200000,1
Nudity;Violent;Adventure;Casual,93.46645000,2
"Violent;Action;Indie;Sports;Early Access",93.33335000,2
Action;Casual;Indie;Racing;Strategy,93.33330000,1
Action;Indie;Racing;RPG;Simulation,93.33330000,1
"Sexual Content;Adventure;Casual",93.02210000,3
"Action;Casual;Free to Play;Indie;Strategy",92.91040000,1
"Animation & Modeling;Design & Illustration;Education;Video Production;Game Development;Early Access",92.85710000,1
"Action;Casual;Massively Multiplayer",92.72730000,1
"Animation & Modeling;Audio Production;Design & Illustration;Utilities;Video Production;Web Publishing",92.66060000,1
Gore;Adventure;Indie;RPG,92.23030000,2
"Sexual Content;Nudity;Adventure;Indie;RPG",92.20550000,1
Adventure;Indie;Racing,92.07485000,4
"Adventure;Free to Play;Simulation",92.00000000,1
Simulation;Utilities,92.00000000,1
Indie;Racing;RPG;Sports,91.69230000,1
"Audio Production;Utilities;Early Access",91.66670000,1
"Action;Casual;Indie;Racing;Sports;Early Access",91.66665000,2
"Animation & Modeling;Utilities;Early Access",91.63360000,4
Adventure;Indie;Racing;Simulation;Sports,91.54930000,1
"Action;Racing;Sports;Early Access",91.48350000,1
"Casual;Indie;Racing;Simulation;Early Access",91.37930000,2
"Sexual Content;Nudity;Violent;Gore;Action;Adventure;Indie",91.34800000,2
"Sexual Content;Casual;Indie;Simulation",91.09896667,3
RPG;Sports;Strategy,90.90910000,1
"Action;Casual;Indie;RPG;Sports;Strategy;Early Access",90.90910000,1
Nudity;Simulation,90.90910000,1
Adventure;Casual;Indie;Racing;Simulation;Sports;Strategy,90.90910000,1
"Web Publishing",90.55560000,1
"Design & Illustration;Web Publishing",90.54956667,3
"Education;Software Training",90.52630000,2
Gore;Indie;Simulation,90.22280000,1
"Action;Indie;Racing;Sports;Early Access",90.12195000,4
"Sexual Content;Adventure;RPG;Strategy",90.10420000,1
Nudity;Action;Casual,90.00000000,1
"Adventure;Indie;Racing;RPG;Simulation;Early Access",90.00000000,2
"Action;Casual;Indie;Massively Multiplayer;Sports;Strategy",90.00000000,1
"Casual;Indie;Racing;Early Access",89.68530000,2
"Animation & Modeling;Education;Utilities;Web Publishing",89.66520000,1
Violent;Adventure;Casual;Indie;Simulation,89.47370000,1
"Sexual Content;Violent;Action;Casual;Indie",89.41180000,1
"Adventure;RPG;Early Access",89.36650000,2
"Indie;Simulation;Audio Production;Early Access",89.29565000,2
"Animation & Modeling;Design & Illustration;Education;Software Training;Utilities;Web Publishing",89.28570000,1
"Action;Casual;Indie;Massively Multiplayer;Simulation;Early Access",89.28570000,2
Strategy;RPG;Indie,89.24650000,2
Action;Indie;Racing;Simulation;Sports;Strategy,88.88890000,1
"Casual;Indie;Sports;Strategy;Early Access",88.88890000,2
"Adventure;Casual;Indie;Animation & Modeling;Education;Video Production",88.88890000,1
"Action;Adventure;Casual;Indie;Massively Multiplayer;RPG",88.88890000,1
"Animation & Modeling;Design & Illustration;Game Development",88.82355000,2
RPG;Indie,88.50210000,4
Gore;Adventure;Simulation,88.46150000,1
Nudity;Violent;Action;Adventure;Casual;Indie;Simulation,88.23530000,1
Nudity;Indie;RPG,88.19445000,2
"Action;Indie;Racing;Simulation;Early Access",88.12905000,2
Gore;Casual;Indie;Simulation,88.09525000,2
"Design & Illustration;Utilities;Game Development",88.09520000,1
"Sexual Content;Nudity;Adventure;Casual",88.06786000,10
Action;Casual;Sports,88.01926364,11
"Sexual Content;Violent;Adventure;Casual;Indie;RPG;Simulation",88.00000000,1
Violent;Gore;Adventure;Indie;RPG,87.96028333,6
"Action;Indie;Racing;Simulation;Sports;Early Access",87.84332500,4
"Action;Adventure;Casual;Sports;Strategy;Early Access",87.82050000,1
"Sexual Content;Nudity;Action",87.77510000,1
"Adventure;Free to Play;Indie;RPG",87.75510000,1
Action;Adventure;Racing;Simulation;Strategy,87.74190000,1
"Casual;Indie;Massively Multiplayer;RPG;Early Access",87.50000000,2
Action;Sports;Strategy,87.50000000,1
"Action;Adventure;Casual;Indie;Racing;Simulation;Strategy;Early Access",87.50000000,1
"Action;Adventure;Casual;Indie;Racing;Simulation;Sports;Early Access",87.50000000,1
"Sexual Content;Violent;Indie",87.23215000,2
Gore;Indie;Simulation;Strategy,87.21400000,1
Violent;Gore;Action;Indie;RPG;Strategy,87.20240000,2
Indie;Racing;Simulation;Strategy,87.17950000,1
"Sexual Content;Nudity;Violent;Action;Casual;Indie",87.17950000,1
"Sexual Content;Violent;Adventure;Indie",87.02530000,1
Violent;Adventure;Casual,86.92508000,5
"Action;Casual;Indie;Racing;Early Access",86.86512500,4
"Action;Adventure;Casual;Indie;Massively Multiplayer;Racing;Simulation;Sports;Early Access",86.00000000,1
"Design & Illustration;Utilities;Web Publishing",85.86210000,1
Adventure;Indie;Sports,85.80730000,2
Strategy;Simulation,85.79516667,3
"Action;Adventure;Indie;Massively Multiplayer;RPG;Simulation;Early Access",85.73190000,3
"Casual;RPG;Strategy;Early Access",85.71430000,1
Action;Adventure;Indie;Simulation;Sports,85.71430000,3
Violent;Adventure;Indie;RPG,85.71430000,1
Action;Adventure;Casual;Sports,85.71430000,1
Simulation;Education,85.71430000,1
"Indie;Massively Multiplayer;RPG;Simulation;Early Access",85.71430000,1
"Violent;Gore;Action;Adventure;Casual;Early Access",85.71430000,1
"Sexual Content;Violent;Gore;Adventure;Indie;Simulation",85.71430000,1
"Action;Adventure;Massively Multiplayer;Simulation;Strategy;Early Access",85.71430000,1
Violent;Gore;Action;Casual;Sports,85.61640000,1
Racing;Simulation;Sports;Strategy,85.44645000,2
"Sexual Content;Simulation",85.26320000,1
"Sexual Content;Nudity;Indie;Strategy",85.18520000,1
"Sexual Content;Nudity;Indie;RPG;Simulation;Strategy",85.17940000,1
"Indie;Massively Multiplayer",85.16485000,2
Nudity;Casual,85.00000000,1
"Sexual Content;Nudity;Violent;Gore;Action;Adventure;Indie;RPG",85.00000000,2
Sports;Casual,84.72220000,1
"Indie;Racing;Sports;Strategy;Early Access",84.61540000,1
"Casual;Indie;RPG;Simulation;Early Access",84.57153333,3
Action;Indie;RPG;Sports,84.40945000,2
Nudity;Action,84.28570000,1
"Animation & Modeling;Design & Illustration;Utilities;Video Production;Early Access",84.21050000,1
Violent;Gore;Action;Simulation;Sports,84.21050000,1
Gore;Action;Adventure;Strategy,84.00000000,1
Nudity;Violent;Gore;Action;Casual,83.92855000,2
Violent;Gore;Action;Indie;Racing,83.90280000,3
Gore;Simulation;Strategy,83.87100000,1
"Sexual Content;Nudity;Violent;Gore;Action;Adventure;Indie;RPG;Early Access",83.79940000,1
"Animation & Modeling",83.54165000,2
Action;Indie;Sports,83.50130328,61
Action;Strategy;Casual,83.48910000,1
Violent;Gore;Action;Indie;Simulation;Sports;Strategy,83.41840000,1
Violent;Casual;Indie;Strategy,83.33335000,2
"Action;Adventure;Casual;Indie;Racing;Simulation;Early Access",83.33330000,1
Violent;Simulation,83.33330000,1
"Violent;Gore;Action;Adventure;Strategy;Early Access",83.33330000,1
Gore;Casual;Indie;Simulation;Strategy,83.33330000,1
"Action;Adventure;Casual;Indie;Simulation;Sports;Early Access",83.33330000,1
Casual;Indie;Simulation;Education,83.33330000,1
"Sexual Content;Nudity;Violent;Gore;Indie;Simulation",83.28210000,1
"Indie;RPG;Simulation;Early Access",83.25466667,9
"Sexual Content;Adventure;Casual;Indie",83.25042000,5
"Indie;Racing;Simulation;Early Access",83.10485714,7
"Animation & Modeling;Utilities",83.06452500,4
"Animation & Modeling;Video Production",83.03070000,1
"Animation & Modeling;Design & Illustration;Web Publishing",82.97000000,2
Action;Adventure;RPG;Simulation;Strategy,82.96690000,3
"Sexual Content;Violent;Adventure;Indie;Strategy",82.90440000,1
"Action;Indie;Sports;Strategy;Early Access",82.83335000,2
"Sexual Content;Nudity;Violent;Gore;Action;Adventure;Casual;Indie;RPG",82.75860000,1
"Action;Adventure;Casual;Indie;Massively Multiplayer;Early Access",82.67790000,3
Violent;RPG,82.61152500,4
"Action;Adventure;Indie;Massively Multiplayer;Simulation;Strategy",82.60870000,1
"Action;Adventure;Casual;Indie;Massively Multiplayer",82.50784286,7
Action;Casual;Indie;RPG;Strategy,82.46232500,4
"Design & Illustration;Photo Editing",82.39350000,3
"Action;Casual;Indie;Early Access",82.37933889,90
Nudity;Violent;Gore;Action;Adventure;Indie;RPG,82.27850000,2
"Adventure;Indie;Strategy;Early Access",82.22317143,14
"Adventure;Indie;RPG;Strategy;Early Access",82.09965000,14
Casual;Indie;RPG;Simulation;Sports;Strategy,81.93306667,3
"Violent;Gore;Action;Casual;Early Access",81.81820000,1
"Casual;Indie;Massively Multiplayer",81.81820000,1
"Sexual Content;Nudity;Action;Adventure;RPG",81.81820000,1
"Casual;Indie;Simulation;Audio Production",81.81820000,1
"Sexual Content;Nudity;Adventure;Casual;Indie",81.77193333,6
"Sexual Content;Casual",81.76730000,2
"Sexual Content;Nudity;Casual;Indie",81.75273750,24
Action;Adventure;Indie;Racing;Strategy,81.73075000,2
Adventure;Casual;RPG;Simulation;Strategy,81.63923333,3
"Animation & Modeling;Design & Illustration;Education;Software Training;Utilities;Video Production;Web Publishing;Game Development",81.39530000,1
Violent;RPG;Strategy,81.38765000,2
Violent;Action;Adventure;Indie;Simulation,81.33275000,2
"Sexual Content;Nudity;Violent;Indie;Simulation;Strategy",81.30720000,1
"Casual;Indie;Strategy;Early Access",81.17167895,19
"Utilities;Web Publishing",81.03450000,1
"Action;Indie;Sports;Early Access",80.98494375,16
"Sexual Content;Nudity;Violent;Gore;RPG",80.94455000,2
Action;Adventure;Casual;Racing;RPG;Sports;Strategy,80.92910000,1
"Action;Casual;Indie;Massively Multiplayer;RPG;Early Access",80.91400000,2
"Sexual Content;Nudity;Action;Casual;Indie;Simulation",80.79900000,3
"Sexual Content;Nudity;Casual;Indie;Strategy",80.76920000,1
Nudity;Violent;Action;Adventure;RPG,80.74205000,2
"Casual;Indie;Racing;Sports;Early Access",80.74075000,2
"Adventure;Casual;Indie;RPG;Strategy;Early Access",80.70458750,8
Violent;Gore;Action;Casual;Indie;Racing,80.49360000,1
"Sexual Content;Nudity;RPG",80.48780000,1
Adventure;Casual;Simulation;Strategy,80.41280769,26
"Adventure;Casual;Indie;Strategy;Early Access",80.40372857,7
"Sexual Content;Action;Casual;Indie",80.37970000,2
"Animation & Modeling;Design & Illustration;Education;Software Training;Utilities;Web Publishing;Game Development",80.36400000,3
"Adventure;Indie;RPG;Simulation;Early Access",80.34671429,14
Nudity;RPG,80.34405000,2
"Action;Casual;Indie;Massively Multiplayer;Strategy;Early Access",80.32096667,3
RPG;Casual;Adventure,80.28170000,1
Nudity;Violent;Gore;Adventure;Indie,80.15560000,1
"Sexual Content;Nudity;Violent;RPG;Strategy",80.13940000,1
Nudity;Action;Casual;Indie,80.07815000,2
"Sexual Content;Nudity;Adventure",80.05920000,3
"Animation & Modeling;Design & Illustration;Game Development;Early Access",80.00000000,1
Nudity;Violent;Adventure,80.00000000,1
Violent;Action;Simulation;Strategy,80.00000000,1
"Nudity;Adventure;RPG;Strategy;Early Access",80.00000000,1
"Gore;Adventure;Indie;Early Access",80.00000000,1
"Action;RPG;Sports;Early Access",80.00000000,1
"Audio Production;Design & Illustration;Utilities;Video Production;Web Publishing",80.00000000,1
Action;Racing;RPG,79.87170000,1
Adventure;RPG;Strategy,79.83132917,24
"Sexual Content;Nudity;Adventure;Simulation",79.80596667,3
Action;Indie;Racing;Sports,79.77239500,20
"Action;Indie;Massively Multiplayer;RPG;Strategy;Early Access",79.71390000,1
"Action;Massively Multiplayer;Simulation;Early Access",79.70500000,2
"Action;Adventure;Casual;Massively Multiplayer",79.62665000,2
Action;Adventure;Racing;RPG;Simulation,79.54550000,1
Action;Indie;Racing;Strategy,79.48313333,3
Action;Casual;Indie;Sports,79.46575667,60
Indie;Sports;Strategy,79.44831667,6
"Sexual Content;Nudity;Adventure;Indie",79.38062000,5
Violent;Gore;Action;Indie;RPG;Simulation;Strategy,79.16670000,1
Action;Casual;RPG,78.98660000,3
"Action;Adventure;Indie;RPG;Simulation;Strategy;Early Access",78.98303333,9
Violent;Gore;Indie;Strategy,78.94740000,1
"Violent;Action;Adventure;Casual;Indie;RPG;Early Access",78.94740000,1
Action;Adventure;Casual;Indie;Racing,78.93282500,8
"Action;Indie;Massively Multiplayer;Strategy;Early Access",78.83600000,1
"Action;Indie;Early Access",78.78436556,270
"Animation & Modeling;Design & Illustration",78.68850000,2
"Action;Indie;RPG;Early Access",78.63671778,45
Violent;Gore;Adventure;RPG,78.59135000,2
"Sexual Content;Nudity;Action;Adventure;Indie",78.57140000,1
"Indie;Sports;Strategy;Early Access",78.57140000,1
"Action;Adventure;Casual;Indie;RPG;Early Access",78.49004000,15
Action;RPG;Simulation;Strategy,78.38995000,2
"Action;Adventure;Massively Multiplayer;RPG;Strategy;Early Access",78.37840000,1
"Sexual Content;Nudity;Adventure;Casual;Simulation",78.36805000,2
"Racing;Simulation;Early Access",78.34818000,5
"Sexual Content;Nudity;Violent;Gore;Action",78.30110000,1
"Massively Multiplayer;RPG",78.30105000,2
"Action;Massively Multiplayer;Simulation;Strategy",78.26460000,1
Indie;RPG,78.25968762,202
"Adventure;Casual;Massively Multiplayer;Simulation",78.17365000,2
Action;Casual;Indie;Simulation;Sports;Strategy,78.12500000,1
Casual;Racing,78.11916364,11
"Adventure;Casual;Indie;RPG;Early Access",78.05363333,9
Adventure;RPG,78.04867778,63
"Indie;Massively Multiplayer;RPG;Strategy",77.87140000,4
Action;Strategy;Indie;Sports,77.83780000,1
"Adventure;Indie;Racing;Early Access",77.77780000,2
Violent;Casual;Indie,77.77780000,1
"Animation & Modeling;Design & Illustration;Utilities",77.74454286,7
Nudity;Indie,77.73820000,2
"Design & Illustration;Education;Utilities",77.67540000,3
Action;RPG;Indie,77.63973333,3
"Action;Indie;Simulation;Sports;Early Access",77.62766923,13
"Indie;Racing;Early Access",77.57807778,9
"Action;Casual;Indie;Sports;Early Access",77.50503571,14
"Action;Casual;Indie;Massively Multiplayer;Early Access",77.35045000,2
Adventure;Casual,77.26570602,498
Gore,77.12230000,1
Nudity;Gore;Adventure;Casual;Indie,77.04785000,2
"Indie;Simulation;Sports;Early Access",77.00865000,6
"Action;Adventure;Massively Multiplayer;Early Access",76.98960000,2
"Sexual Content;Indie",76.98415000,2
"Action;Adventure;Casual;Indie;Racing;Early Access",76.98413333,3
"Animation & Modeling;Design & Illustration;Utilities;Video Production",76.92310000,1
"Indie;Simulation;Education;Early Access",76.92310000,1
Action;Adventure;Indie;Sports,76.89810000,5
RPG,76.76754651,258
"Casual;Indie;RPG;Strategy;Early Access",76.72590000,5
"Indie;RPG;Early Access",76.69340556,18
Violent;Gore;Adventure;Casual;Indie;Strategy,76.68710000,1
Action;Casual;Indie;Racing,76.66767222,36
Action;Indie;Racing;Simulation;Strategy,76.66670000,1
Action;Casual;Indie;RPG;Simulation,76.51227143,7
Action;Adventure;Indie;RPG;Sports,76.47060000,1
Indie;RPG;Strategy,76.45094265,136
"Sexual Content;Violent;Gore;Adventure;Indie",76.42102500,4
Nudity;Violent;Adventure;Indie,76.40283333,3
"Action;Adventure;Indie;Racing;Simulation;Early Access",76.27120000,1
Adventure,76.22251670,497
"Indie;Sports;Early Access",76.21907500,4
Violent;Gore;Action;Adventure;RPG,76.21015000,2
Nudity;Violent;Indie,76.19050000,1
"Action;Indie;Massively Multiplayer;Simulation;Strategy;Early Access",76.17135000,2
"Indie;Massively Multiplayer;RPG;Simulation",76.13240000,1
Adventure;RPG;Simulation,76.11062000,5
"Indie;Massively Multiplayer;Simulation",76.05240000,2
"Indie;Massively Multiplayer;Simulation;Strategy;Early Access",75.96155000,2
Adventure;Casual;Indie;Racing;Simulation,75.92345000,2
Adventure;Indie,75.88843422,1128
"Action;Indie;RPG;Strategy;Early Access",75.85604286,7
"Animation & Modeling;Design & Illustration;Photo Editing",75.79620000,1
Adventure;Casual;Indie;RPG;Simulation,75.78688000,30
Action;Indie;Simulation;Sports,75.74068571,21
Action;Indie,75.70096057,1803
"Action;Casual;Early Access",75.69445000,4
Nudity;Violent;Adventure;Indie;RPG,75.68900000,2
Indie;Racing;Simulation,75.55997273,11
"Sexual Content;Strategy",75.47890000,1
Action;Indie;Racing,75.30944225,71
Nudity;Action;Adventure;Indie,75.24750000,1
Adventure;Indie;RPG;Strategy,75.22179770,87
Nudity;Adventure,75.02975000,4
Indie,75.02918430,707
Action;Adventure;Casual;RPG;Simulation,75.00000000,1
"Action;Adventure;Casual;Indie;Massively Multiplayer;Simulation;Early Access",75.00000000,1
Casual;Indie;Education,75.00000000,1
Nudity;Violent;Action;Indie;RPG,75.00000000,1
"Sexual Content;Violent;Gore;Action;Adventure;Casual;Indie;RPG;Strategy",75.00000000,1
Action;Casual;Racing;Simulation;Sports,75.00000000,2
"Violent;Indie;Strategy;Early Access",75.00000000,1
Action;Adventure;Indie;Racing;RPG,75.00000000,1
"Action;Adventure;Indie;Massively Multiplayer;RPG",74.95802500,12
"Action;Indie;Strategy;Early Access",74.91847174,46
Action;Adventure;Strategy,74.85793750,24
"Sexual Content;Nudity;Indie",74.84466667,3
Gore;Adventure,74.81345000,2
Action;Indie;RPG;Strategy,74.80500811,37
"Sexual Content;Nudity;Casual;Indie;RPG",74.76427500,4
Action;RPG,74.65833438,96
Action;Indie;RPG,74.64382990,194
Violent;Gore;Action;Indie;Strategy,74.58770000,3
Action;Adventure;Indie;Racing,74.58680526,19
"Sexual Content;Violent;Gore;Adventure;Indie;Early Access",74.54550000,1
Adventure;Indie;RPG,74.52018379,438
Violent;Adventure,74.43172222,9
"Indie;Early Access",74.42072364,55
Action;Casual;Indie,74.38445240,981
"Adventure;Indie;Early Access",74.37145094,53
"Sexual Content;Nudity;Indie;Simulation",74.37040000,1
Violent;Adventure;Indie;Simulation,74.33260000,1
"Action;Adventure;Indie;Massively Multiplayer;Racing;Simulation",74.28570000,1
"Sexual Content;Nudity;Adventure;Casual;Indie;RPG",74.21055000,2
Action,74.13551466,798
Action;RPG;Simulation,74.09635000,6
Violent;Action;Casual;Indie;Simulation;Strategy,74.07410000,1
Violent;Adventure;RPG,74.07410000,1
"Sports;Early Access",74.03042222,9
"Sexual Content;Nudity;Action;Adventure;Indie;RPG",73.95835000,2
Action;Casual;Indie;Racing;Sports,73.93541250,16
Violent;Adventure;Casual;Simulation,73.85965000,2
Adventure;Casual;RPG,73.85301667,12
Adventure;Casual;Indie;RPG,73.79135035,143
Casual;Indie;RPG;Simulation,73.77605000,36
Adventure;Casual;RPG;Simulation,73.74018000,5
"Action;Casual;Indie;Strategy;Early Access",73.73752143,14
Casual;Indie,73.65691521,1440
Adventure;Casual;Indie,73.60870217,782
"Action;Adventure;Indie;Strategy;Early Access",73.56973077,13
Action;Indie;Casual,73.54895000,4
"Indie;Racing;Sports;Early Access",73.54172500,4
Casual;Indie;Racing;RPG;Simulation;Sports,73.46940000,1
Action;Simulation;Sports,73.43567778,9
"Free to Play;Indie;Simulation;Early Access",73.40430000,1
Action;Racing;Sports,73.38410000,6
Casual;Simulation;Strategy,73.36792273,44
Casual;Indie;Strategy,73.35480276,435
"Action;Adventure;Casual;Indie;Racing;Sports;Early Access",73.33330000,1
Adventure;Casual;Strategy,73.33057727,22
Action;Adventure;Indie;Racing;Simulation;Sports,73.32680000,2
Adventure;Strategy,73.31922857,21
RPG;Strategy,73.26026322,87
"RPG;Early Access",73.25089167,12
"Animation & Modeling;Design & Illustration;Education;Software Training;Utilities;Game Development",73.24963333,3
"Violent;Gore;Action;Adventure;Casual;Indie;RPG;Early Access",73.21430000,1
Violent;Adventure;Indie;Strategy,73.07690000,1
Violent;Adventure;Casual;Indie,73.05406000,5
"Casual;Indie;Racing;Simulation;Sports;Early Access",73.03330000,3
Casual;Indie;RPG;Simulation;Strategy,73.01408182,22
"Indie;Massively Multiplayer;RPG",73.01358000,5
"Indie;Simulation;Strategy;Early Access",73.00250500,80
Action;Casual;Simulation;Strategy,72.97862500,12
Casual;Indie;RPG,72.95867797,59
"Sexual Content;Violent;Adventure;Indie;Simulation",72.95320000,2
"Action;Indie;Racing;Early Access",72.94814444,18
"Adventure;Indie;Simulation;Strategy;Early Access",72.90673333,6
Violent;Gore;Action;Casual;Indie,72.86802857,7
Action;Casual;Indie;Sports;Strategy,72.84087500,4
"Violent;Gore;Action;Indie;Early Access",72.81332222,9
Gore;Action;Adventure;Casual;Indie,72.72730000,1
"Action;Adventure;Casual;Free to Play;Indie;RPG;Simulation;Sports;Strategy",72.72730000,1
Action;Indie;Racing;Simulation,72.72165000,10
Nudity;Violent;Action;RPG;Strategy,72.68040000,1
Casual;Indie;RPG;Strategy,72.64011304,23
"Violent;Action;Simulation;Early Access",72.54900000,1
"Sexual Content;Casual;Indie",72.54357500,8
"Casual;Indie;Simulation;Strategy;Early Access",72.43676364,22
"Sexual Content;Indie;RPG",72.41380000,1
"Indie;Massively Multiplayer;Racing;Simulation",72.41380000,1
Casual;Strategy,72.40561146,96
Action;Adventure;Indie;RPG,72.33295926,324
"Action;Adventure;Casual;Indie;RPG;Simulation;Strategy;Early Access",72.33005000,4
Violent;Adventure;Indie,72.30948571,14
"Adventure;Indie;Massively Multiplayer;RPG;Strategy",72.29273333,3
"Violent;Indie;Early Access",72.22220000,2
"Casual;Early Access",72.15179412,17
Violent;Gore;Action;Adventure;Indie;Strategy,72.12120000,2
Adventure;Indie;Strategy,72.11444079,76
Adventure;Casual;Simulation,72.07160238,42
"Action;Casual;Indie;Simulation;Strategy;Early Access",72.06163333,9
Action;Adventure;Casual;Indie;RPG;Strategy,72.00786000,30
Indie;Casual,71.97860455,22
"Casual;Indie;Simulation;Early Access",71.87465179,56
Action;Adventure;RPG,71.85788621,87
"Indie;Strategy;Early Access",71.83396140,57
Action;Casual,71.68786075,107
Action;RPG;Strategy,71.52399000,10
Action;Adventure;Casual;Indie;Racing;Simulation,71.51984167,12
"Animation & Modeling;Early Access",71.42860000,1
"Adventure;Casual;RPG;Early Access",71.42860000,1
"Action;Indie;Massively Multiplayer;RPG;Simulation;Early Access",71.42860000,1
Action;Racing;Strategy,71.42860000,1
Violent;Action;Adventure;Indie;RPG;Simulation,71.42860000,1
"Sexual Content;Nudity;Violent;Gore;Action;Casual",71.42860000,1
Indie;RPG;Sports;Strategy,71.42860000,1
"Sexual Content;Adventure;Indie;Simulation",71.42860000,1
"Action;Adventure;RPG;Strategy;Early Access",71.42855000,2
Indie;Strategy,71.37862975,353
"Adventure;Casual;Strategy;Early Access",71.33760000,1
"Action;Adventure;Casual;Indie;Early Access",71.32796604,53
Action;Adventure;Indie,71.27389374,1199
"Sexual Content;Nudity;Gore;Casual;Indie",71.25000000,1
"Sexual Content;Nudity;Adventure;RPG",71.24760000,2
"Sexual Content;Violent;Gore;Casual",71.21210000,1
"Adventure;Casual;Indie;Simulation;Early Access",71.16151818,11
Action;Casual;Indie;Strategy,71.04769576,118
"Adventure;Casual;Indie;RPG;Simulation;Early Access",71.03345000,10
Action;Adventure,70.98272175,354
"Action;Adventure;RPG;Early Access",70.97165789,19
Violent;Gore;Action;Indie;RPG,70.93955000,2
"Casual;Indie;Sports;Early Access",70.92852143,14
Action;Indie;Strategy,70.92240046,217
"Massively Multiplayer;Simulation;Sports;Early Access",70.90910000,1
"Action;Racing;Early Access",70.86730000,5
Adventure;Casual;Indie;RPG;Strategy,70.85820323,62
Violent;Action;Casual;Indie;Strategy,70.83335000,2
"Action;Adventure;Casual;Indie;Massively Multiplayer;Simulation;Strategy",70.83330000,1
"Adventure;Casual;Indie;Early Access",70.81308333,24
"Sexual Content;Nudity;Adventure;Casual;Indie;RPG;Strategy",70.58820000,1
"Casual;Free to Play;Indie;Massively Multiplayer;Simulation;Sports;Strategy",70.58820000,1
Casual;Indie;Simulation,70.57950306,359
Adventure;Indie;Simulation;Strategy,70.54863810,21
"Adventure;Casual;Indie;RPG;Simulation;Strategy;Early Access",70.52630000,1
"Simulation;Early Access",70.52038077,26
"Action;Indie;RPG;Simulation;Early Access",70.48871250,8
Action;Strategy,70.47961081,74
Adventure;Casual;Indie;Sports;Strategy,70.45457500,4
"Casual;Indie;RPG;Early Access",70.43513333,3
RPG;Simulation;Strategy,70.34306429,14
"Violent;Gore;Action;Indie;RPG;Early Access",70.31425000,2
Casual;Simulation;Sports;Strategy,70.30798889,9
Action;Casual;Indie;RPG;Simulation;Strategy,70.28035000,2
"Action;Casual;Indie;Massively Multiplayer;Strategy",70.27320000,2
Indie;Simulation,70.26336390,205
"Sexual Content;Nudity;Casual",70.23806667,3
Strategy,70.19638315,463
"Action;Casual;Indie;Massively Multiplayer;Simulation;Strategy;Early Access",70.17540000,1
Action;Casual;Indie;Simulation,70.16579560,91
Gore;Action;Indie,70.13706000,5
"Action;Adventure;Indie;Early Access",70.13127364,129
"Indie;Massively Multiplayer;Simulation;Strategy",70.00000000,1
"Sexual Content;Nudity;Violent;Casual;Indie",70.00000000,1
"Action;Adventure;Racing;Early Access",70.00000000,2
Gore;Casual;Indie;Strategy,70.00000000,1
"Action;Adventure;Indie;RPG;Early Access",69.98249358,109
Racing;Sports,69.97702778,18
"Action;Indie;Simulation;Early Access",69.97643095,42
Action;Indie;Racing;Simulation;Sports,69.97315714,14
Indie;RPG;Simulation;Strategy,69.92857105,38
"Action;Adventure;Simulation;Early Access",69.83446000,5
Adventure;Casual;Indie;Strategy,69.78616852,54
Action;Adventure;Casual,69.71107895,57
"Casual;Indie;Early Access",69.70667826,46
"Sexual Content;Nudity;Violent;Adventure;Casual",69.69700000,1
"Action;Casual;Indie;Simulation;Sports;Early Access",69.58063000,10
"Action;Casual;Indie;Massively Multiplayer;RPG;Simulation",69.56520000,1
"Action;Adventure;Casual;Indie;Strategy;Early Access",69.53407143,14
Racing;Simulation;Sports,69.47620182,55
"Animation & Modeling;Design & Illustration;Education;Software Training;Utilities",69.46500000,3
Strategy;Indie;Casual,69.42375000,2
Action;Adventure;Sports,69.39672500,4
Action;Adventure;RPG;Strategy,69.24905000,8
Violent;Adventure;Casual;Indie;RPG;Simulation;Strategy,69.23080000,1
"Violent;Gore;Action;Adventure;Indie;RPG;Simulation;Strategy;Early Access",69.23075000,2
"RPG;Strategy;Early Access",69.18050000,2
Adventure;Indie;Simulation,69.15952017,119
"Sexual Content;Nudity;Adventure;Indie;Simulation;Strategy",69.14890000,1
"Animation & Modeling;Software Training;Utilities;Early Access",69.14290000,1
Adventure;RPG;Simulation;Strategy,69.09187500,4
"Adventure;Casual;Indie;Simulation;Strategy;Early Access",69.07792000,5
"Action;Strategy;Early Access",69.06380000,8
Strategy;Casual,69.00201250,8
Violent;Gore;Action;Indie,68.98097143,56
Action;Adventure;Indie;Strategy,68.92436786,56
Adventure;Simulation,68.89259333,30
"Animation & Modeling;Design & Illustration;Education",68.88890000,1
"Action;Casual;Massively Multiplayer;Racing;Simulation;Sports;Early Access",68.88890000,1
Violent;Action;Indie;Strategy,68.86075000,2
Adventure;Indie;Casual,68.83560000,1
Indie;Sports,68.76416667,30
Violent;Action;Indie,68.72048649,37
Adventure;Casual;Indie;RPG;Simulation;Sports,68.68686667,3
Simulation;Strategy,68.68437630,173
"Action;Adventure;Indie;Massively Multiplayer;RPG;Simulation;Strategy",68.58650000,1
"Violent;Gore;Action;Strategy;Early Access",68.57140000,1
Adventure;Casual;Indie;RPG;Sports,68.57140000,1
"Action;Adventure;Casual;Indie;Sports;Early Access",68.56060000,2
Adventure;Casual;Indie;RPG;Simulation;Strategy,68.54375128,39
Violent;Gore;Adventure;Indie,68.49792778,18
"Sexual Content;Nudity;Action;Casual;Indie",68.48446667,3
Casual,68.40614843,541
Action;Indie;Simulation;Strategy,68.40561143,35
"Action;Indie;Massively Multiplayer;Simulation;Early Access",68.39852500,4
"Animation & Modeling;Design & Illustration;Photo Editing;Utilities",68.35440000,1
Violent;Gore;Action;Adventure;Indie;RPG;Strategy,68.33335000,2
"Adventure;Massively Multiplayer",68.22430000,1
Action;Casual;Racing,68.21767143,7
Adventure;Casual;Indie;Simulation;Sports;Strategy,68.18182500,8
Violent;Gore;Action;Casual;Strategy,68.18180000,1
Action;Indie;RPG;Simulation;Strategy,68.17092857,7
Violent;Gore;Casual;Indie,68.16745000,2
Violent;Action;Strategy,68.13016000,5
"Action;Adventure;Massively Multiplayer;RPG;Simulation;Strategy",68.07623333,3
"Indie;Massively Multiplayer;Simulation;Early Access",68.04815000,2
"Action;Casual;Indie;Massively Multiplayer;Simulation;Strategy",68.00000000,1
"Action;Casual;Indie;Racing;Simulation;Sports;Early Access",68.00000000,1
Action;Adventure;Casual;Indie;RPG,67.94929882,85
"Adventure;Indie;RPG;Early Access",67.93998800,25
"Action;Casual;Indie;Racing;RPG;Simulation;Strategy;Early Access",67.88920000,1
"Animation & Modeling;Design & Illustration;Photo Editing;Software Training;Utilities;Video Production",67.85710000,1
Action;Adventure;Casual;Indie;Strategy,67.78076753,77
Action;Casual;Indie;Racing;Simulation,67.78003333,12
Violent;Gore;Indie,67.70354286,14
Violent;Action;Adventure;Indie;RPG,67.68520000,3
Action;Casual;Indie;Simulation;Sports,67.63424211,19
Casual;Indie;Racing,67.61221864,59
"Simulation;Sports;Early Access",67.59200000,7
Violent;Gore;Action;Adventure;Indie;Simulation;Strategy,67.58770000,1
"Adventure;Casual;Free to Play;Indie",67.53813333,3
"Sexual Content;Nudity;Violent;Adventure;Casual;Indie;Simulation",67.48165000,2
Gore;Action;Adventure;Indie;RPG,67.44190000,1
Nudity;Violent;Gore;Action;Adventure,67.40430000,3
Action;Adventure;Indie;RPG;Strategy,67.40235000,54
Action;Adventure;Casual;Indie;RPG;Simulation,67.38883810,21
"Adventure;Indie;Massively Multiplayer;RPG;Simulation;Strategy;Early Access",67.37590000,1
"Violent;Action;Early Access",67.33536667,3
"Early Access",67.30375000,8
Casual;Indie;Sports,67.30132326,43
"Violent;Action;Adventure;Indie;Massively Multiplayer;RPG",67.27460000,1
Indie;Simulation;Sports,67.23420263,38
Action;Adventure;Indie;Racing;Simulation,67.18612000,5
"Adventure;Indie;Simulation;Early Access",67.18158000,10
Utilities,67.10275652,23
Action;Adventure;Indie;RPG;Simulation;Strategy,67.10264000,15
Action;Adventure;Casual;Indie,67.06912298,470
"Action;Adventure;Indie;Simulation;Early Access",67.01680811,37
Casual;Sports,66.98054444,18
Indie;Simulation;Strategy,66.97261266,229
"Indie;Massively Multiplayer;Strategy;Early Access",66.88830000,3
Action;Casual;Simulation;Sports,66.85097500,8
Violent;Gore;Indie;RPG,66.80160000,1
"Indie;RPG;Strategy;Early Access",66.72646429,28
Action;Adventure;Casual;Indie;Simulation,66.71835294,68
Strategy;Action;Indie,66.66670000,1
"Action;Sports;Strategy;Early Access",66.66670000,1
"Violent;Action;Adventure;Strategy;Early Access",66.66670000,1
"Violent;Action;Strategy;Early Access",66.66670000,1
Nudity;Violent;Gore;Adventure;Casual;Simulation,66.66670000,1
Nudity;Adventure;Casual,66.66670000,1
Action;Indie;Racing;RPG;Simulation;Strategy,66.66670000,1
"Violent;Action;Indie;Simulation;Strategy;Early Access",66.66670000,1
"Nudity;Violent;Gore;Action;Indie;Early Access",66.66670000,1
"Massively Multiplayer;Strategy",66.66670000,1
"Action;Adventure;Massively Multiplayer;Strategy;Early Access",66.66670000,1
"Violent;Gore;RPG;Early Access",66.66670000,1
"Action;Adventure;Casual;RPG;Early Access",66.66670000,1
Violent;Casual;RPG;Simulation;Strategy,66.66670000,1
Violent;Gore;Indie;Sports,66.66670000,1
Violent;Action;Adventure;Casual;Indie;Racing;RPG;Simulation;Strategy,66.66670000,1
Nudity;Violent;Gore;Casual;Indie,66.66670000,1
"Sexual Content;Action;Casual;Indie;Simulation;Strategy;Early Access",66.66670000,1
"Violent;Adventure;Indie;Early Access",66.66670000,1
Gore;Action;Casual;Indie;Strategy,66.66670000,1
Nudity;Adventure;Casual;Indie;RPG,66.66670000,1
"Adventure;Free to Play;Indie;RPG;Strategy",66.66670000,1
"Sexual Content;Nudity;Violent;Casual;Indie;RPG",66.66670000,1
RPG;Simulation;Sports,66.66670000,1
Action;Casual;Sports;Strategy,66.66670000,1
"Casual;Simulation;Animation & Modeling;Design & Illustration;Utilities",66.66670000,1
"Action;Casual;Simulation;Sports;Early Access",66.66665000,2
Action;Casual;Indie;RPG;Sports,66.66665000,2
Adventure;Indie;RPG;Simulation;Strategy,66.60503333,21
"Indie;Massively Multiplayer;RPG;Early Access",66.60084000,5
"Indie;Massively Multiplayer;Strategy",66.45520000,5
"Indie;Simulation;Early Access",66.40669821,56
"Action;Casual;Free to Play;Indie;Strategy;Early Access",66.40000000,1
Action;Adventure;Casual;RPG,66.35053333,9
"Violent;Gore;Action;Adventure;Indie;Simulation;Early Access",66.33000000,3
"Action;Adventure;Casual;Indie;Massively Multiplayer;RPG;Strategy;Early Access",66.28810000,1
Racing,66.27891235,81
Action;Indie;Simulation,66.27143772,114
Violent;Gore;Action;Adventure;Casual;RPG,66.10170000,1
"Action;Indie;Massively Multiplayer;Racing;Simulation;Sports",66.02920000,1
Violent;Gore;Action;Adventure;Indie;RPG,66.01610000,13
Action;Adventure;Casual;Simulation,65.95527273,11
Gore;Adventure;Casual;Indie,65.93642500,4
Action;Adventure;Casual;Indie;Racing;Simulation;Sports,65.93232500,8
Casual;Indie;Simulation;Sports;Strategy,65.82410000,21
"Strategy;Early Access",65.76972000,20
Indie;RPG;Simulation,65.70626364,22
Gore;Action;Indie;Strategy,65.68630000,2
Indie;RPG;Simulation;Sports;Strategy,65.67160000,1
Adventure;Indie;RPG;Simulation,65.52888571,21
"Animation & Modeling;Design & Illustration;Education;Utilities;Early Access",65.51720000,1
Action;Casual;Indie;RPG,65.49471905,21
Violent;Action;Adventure;Casual;Indie,65.47620000,1
Violent;Action;Adventure;Strategy,65.45235000,2
"Action;Adventure;Casual;Indie;Massively Multiplayer;RPG;Simulation;Strategy;Early Access",65.38460000,1
"Action;Indie;Massively Multiplayer",65.33968462,13
Violent;Gore;Action;Adventure;Casual;Indie;Racing;Simulation;Sports,65.21740000,1
Action;Casual;Indie;Simulation;Strategy,65.19797660,47
"Action;Adventure;Indie;Massively Multiplayer;Early Access",65.14430000,4
"Action;Adventure;Indie;Massively Multiplayer;Simulation",65.13010000,4
Action;Adventure;Casual;Indie;Racing;Sports,65.11630000,1
"Action;Adventure;Early Access",65.01438421,19
"Indie;Racing;Simulation;Sports;Early Access",65.00682500,4
"Action;Indie;Massively Multiplayer;Simulation;Strategy",64.99440000,1
"Action;Indie;Simulation;Strategy;Early Access",64.98936000,15
Action;Racing,64.91902308,39
"Adventure;Indie;Massively Multiplayer",64.90876667,3
"Violent;Gore;Action;Indie;RPG;Strategy;Early Access",64.81480000,1
Violent;Sports,64.79590000,1
"Casual;Simulation;Early Access",64.71442308,13
"Action;Casual;Indie;Massively Multiplayer",64.66225000,10
"Sexual Content;Nudity;Violent;Gore;Action;Adventure;Casual;Indie;Simulation;Strategy",64.64090000,1
"Massively Multiplayer;Early Access",64.58330000,1
"Adventure;Indie;Massively Multiplayer;Simulation;Early Access",64.52280000,1
Action;Adventure;Casual;Indie;Simulation;Sports,64.51950000,9
Indie;Simulation;Sports;Strategy,64.39930333,30
"Action;Adventure;Indie;Racing;Simulation;Sports;Early Access",64.35485000,2
Nudity;Casual;Simulation,64.28570000,1
"Casual;Animation & Modeling;Video Production",64.28570000,1
"Action;Adventure;Indie;Simulation;Strategy;Early Access",64.26538000,10
Violent;Gore;Action;Adventure;Casual;Indie;Racing,64.10260000,1
"Violent;Action;Indie;Early Access",64.03003077,13
Adventure;Casual;Indie;Racing,63.88601818,11
"Violent;Gore;Indie;Massively Multiplayer;Early Access",63.87100000,1
"Simulation;Strategy;Early Access",63.84792308,13
RPG;Indie;Casual,63.79310000,1
Gore;Action;Casual;Indie,63.75997500,4
Gore;Action;Indie;RPG,63.73125000,2
Strategy;Indie,63.67783333,3
Nudity;Violent;Adventure;Casual;Indie;Simulation,63.63640000,1
"Action;Adventure;Indie;Racing;RPG;Simulation;Early Access",63.63640000,1
"Indie;Simulation;Animation & Modeling;Video Production;Early Access",63.63640000,1
"Design & Illustration;Utilities",63.56140000,5
Casual;RPG,63.48759167,12
"Action;Casual;Indie;RPG;Early Access",63.41072000,5
Action;Adventure;Indie;Simulation;Strategy,63.39266250,16
Casual;Indie;Simulation;Strategy,63.29738453,181
Nudity;Action;Indie,63.28500000,1
"Racing;Early Access",63.26228000,5
"Action;Casual;Indie;Massively Multiplayer;RPG;Simulation;Early Access",63.24850000,1
Indie;Racing;RPG;Simulation,63.21840000,1
"Casual;Indie;Simulation;Sports;Early Access",63.17253529,17
"Education;Early Access",63.15790000,1
"Nudity;Violent;Action;Indie;Early Access",63.15790000,1
"Action;Indie;Massively Multiplayer;Early Access",63.13630769,13
Adventure;Casual;Indie;Simulation,63.11827113,142
"Massively Multiplayer;Racing;Simulation;Sports",63.11347500,4
Action;Adventure;Casual;Racing;Simulation;Sports,63.00000000,2
"Sexual Content;Adventure;Simulation",62.96300000,1
Violent;Action,62.92132941,17
Gore;Adventure;Indie,62.91999000,10
Nudity;Casual;Indie;Strategy,62.91210000,2
Nudity;Action;Adventure,62.82825000,2
"Nudity;Violent;Gore;Action;Adventure;Indie;RPG;Simulation;Strategy;Early Access",62.79505000,2
Adventure;Casual;Indie;Racing;RPG;Simulation;Strategy,62.79070000,1
"Action;Simulation;Early Access",62.73872500,12
"Massively Multiplayer;Racing",62.72190000,1
"Utilities;Video Production;Early Access",62.68730000,2
"Indie;RPG;Simulation;Strategy;Early Access",62.66299167,12
Adventure;Casual;Indie;Sports,62.64398000,5
"Action;Massively Multiplayer;Racing",62.62426667,3
Violent;Gore;Action;Adventure;Indie;Simulation,62.60188571,7
Nudity;Casual;Indie,62.59827500,4
Action;Adventure;Indie;RPG;Simulation,62.58537600,25
"Action;Adventure;Indie;Massively Multiplayer;RPG;Simulation",62.55690000,1
"Sexual Content;Nudity;Violent;Indie;Simulation",62.50000000,1
"Free to Play;Indie;Strategy",62.50000000,1
"Indie;Animation & Modeling",62.50000000,1
Indie;Racing;Strategy,62.50000000,1
Nudity;Gore;Action;Adventure;Indie,62.50000000,1
"Action;Indie;Massively Multiplayer;Strategy",62.48877500,4
"Sexual Content;Nudity;Violent;Gore;Action;Indie",62.48570000,2
Casual;Simulation,62.38732393,117
Adventure;Racing;Simulation;Sports,62.28290000,1
Action;Adventure;Indie;Simulation,62.21097294,85
"Sexual Content;Violent;Action",62.21066667,3
Adventure;Simulation;Strategy,62.17416667,9
"Action;Adventure;Indie;Massively Multiplayer;RPG;Simulation;Strategy;Early Access",62.11855000,2
"Action;Adventure;Casual;Massively Multiplayer;RPG;Strategy;Early Access",61.96240000,1
"Action;Adventure;Casual;Indie;RPG;Simulation;Early Access",61.94442500,8
Violent;Action;Adventure;Indie,61.93318095,21
"Action;Adventure;Casual;Massively Multiplayer;RPG;Early Access",61.90480000,1
Action;Simulation;Sports;Strategy,61.68105000,2
Action;Casual;Simulation,61.65169000,30
Adventure;Casual;Racing,61.64875000,2
"Sexual Content;Action;Adventure;Indie;Racing;Simulation;Sports",61.53850000,1
"Action;Early Access",61.44267209,43
"Violent;Action;Casual;Indie;Early Access",61.41415000,6
Action;Casual;Simulation;Sports;Strategy,61.41292500,4
"Sexual Content;Nudity;Casual;Indie;Simulation",61.37673750,8
Adventure;Casual;RPG;Strategy,61.26982000,5
Violent;Gore;Adventure,61.25944000,5
Action;Adventure;Indie;Racing;Sports;Strategy,61.15700000,1
"Adventure;Early Access",61.11219000,10
Violent;Action;Casual;Indie;Sports,61.11110000,2
Action;Adventure;Casual;Indie;Simulation;Sports;Strategy,61.02150000,2
Action;Casual;Strategy,61.01316923,13
Indie;Racing;Sports,60.96098571,14
"Action;Massively Multiplayer;RPG",60.93750000,2
Indie;Racing,60.86603750,40
Nudity;Adventure;Casual;Indie;RPG;Simulation,60.76920000,1
"Action;Adventure;Massively Multiplayer;RPG",60.68610000,3
"Action;Adventure;Indie;Massively Multiplayer;Simulation;Strategy;Early Access",60.57130000,1
"Audio Production;Early Access",60.52630000,1
Action;Adventure;Indie;Racing;RPG;Strategy,60.46510000,1
Gore;Indie,60.43890000,3
Action;Adventure;Casual;RPG;Strategy,60.34480000,1
"Action;Adventure;Indie;RPG;Simulation;Early Access",60.33501905,21
Action;Adventure;Casual;Racing,60.32500000,4
"Action;Adventure;Casual;Indie;Massively Multiplayer;Strategy",60.17240000,2
Casual;Indie;Racing;Simulation;Sports,60.14412222,9
Violent;Action;Adventure;RPG,60.03440000,3
"Action;Massively Multiplayer;Strategy;Early Access",60.00000000,1
"Casual;Free to Play;Indie;Simulation;Strategy",60.00000000,1
"Sexual Content;Nudity;Action;Indie",60.00000000,1
"Violent;Gore;Adventure;Indie;RPG;Early Access",60.00000000,1
Violent;Action;Indie;Racing,60.00000000,1
"Simulation;Sports;Strategy;Early Access",60.00000000,1
Nudity;Violent;Casual;Indie;Simulation,60.00000000,1
Gore;Action;Adventure;Casual;Indie;Simulation;Strategy,60.00000000,1
Violent;Action;Adventure;Casual;Simulation;Strategy,60.00000000,1
Violent;Gore;Action;Adventure;RPG;Simulation,60.00000000,1
"Adventure;Casual;Indie;Massively Multiplayer;RPG;Simulation;Sports;Strategy",60.00000000,1
Violent;Gore;Action;Adventure;Indie,59.97515333,45
Indie;Racing;Simulation;Sports,59.94854286,21
Simulation;Sports,59.90730377,53
Nudity;Violent;RPG,59.82370000,1
"Sexual Content;Nudity;Violent;Adventure;Indie;RPG",59.75610000,1
Racing;Simulation,59.72131429,14
Violent;Simulation;Sports,59.62410000,1
"Indie;Massively Multiplayer;RPG;Simulation;Strategy",59.59600000,1
Action;Adventure;Simulation,59.57223143,35
Action;Adventure;Indie;RPG;Simulation;Sports;Strategy,59.45950000,1
"Sexual Content;Nudity;Casual;Simulation",59.37500000,1
Simulation,59.31700535,299
"Sexual Content;Violent;Action;Indie;Massively Multiplayer;Racing;RPG;Simulation",59.25930000,1
"Action;Adventure;Massively Multiplayer;RPG;Simulation;Early Access",59.25670000,2
"Violent;Gore;Action;Casual;Indie;Early Access",59.19891667,6
"Animation & Modeling;Design & Illustration;Utilities;Early Access",59.03320000,5
Nudity;Violent;Gore;Action,58.95093333,3
"Indie;Simulation;Sports;Strategy;Early Access",58.94975714,7
Action;Simulation;Strategy,58.87938519,27
"Action;Adventure;Casual;Indie;Simulation;Early Access",58.86723000,10
"Violent;Gore;Action;Adventure;Indie;Early Access",58.77475556,9
"Casual;Indie;RPG;Simulation;Strategy;Early Access",58.70315000,6
Casual;Racing;Sports,58.69946667,3
RPG;Simulation,58.51979000,10
"Action;Simulation;Strategy;Early Access",58.43750000,4
"Violent;Action;Casual;Indie;Strategy;Early Access",58.43465000,2
"Sexual Content;Nudity;Violent;Adventure;Casual;Indie",58.33330000,1
"Violent;Action;Adventure;RPG;Early Access",58.33330000,1
"Violent;Gore;Action;Adventure;Casual;Indie;Massively Multiplayer;RPG;Early Access",58.33330000,1
"Casual;Indie;Massively Multiplayer;Strategy",58.25834000,5
Violent;Action;Racing,58.25395000,2
Nudity;Adventure;Casual;Indie,58.22198000,5
Education,58.12500000,4
"Racing;Simulation;Sports;Early Access",58.07595000,4
Sports;Strategy,57.99980000,7
Violent;Gore;Action,57.90669048,21
Action;Adventure;Racing,57.73570000,8
"Casual;Indie;Massively Multiplayer;Racing",57.72725000,2
"Action;Adventure;Indie;Massively Multiplayer;RPG;Early Access",57.62730000,10
Nudity;Violent;Gore;Action;RPG,57.41280000,1
"Action;Casual;Simulation;Early Access",57.38312000,5
"Sexual Content;Action",57.33335000,2
Gore;Action;Adventure;Simulation;Strategy,57.31710000,1
Casual;Indie;Racing;Simulation,57.15636000,10
Action;Indie;Sports;Strategy,57.14290000,1
"Sexual Content;Indie;Simulation",57.14290000,1
"Animation & Modeling;Design & Illustration;Education;Utilities;Web Publishing;Game Development",57.14290000,1
"Animation & Modeling;Audio Production;Utilities",57.14290000,1
"Action;RPG;Early Access",57.03625000,6
"Action;Casual;Indie;Massively Multiplayer;Simulation",57.02493333,3
Sports,56.92021607,56
"Violent;Action;Massively Multiplayer;Simulation;Sports",56.90480000,1
Action;Casual;Indie;Racing;Simulation;Sports,56.90072857,14
"Action;Indie;Massively Multiplayer;RPG;Early Access",56.88396667,6
"Racing;RPG;Simulation;Early Access",56.77970000,1
Casual;RPG;Simulation;Strategy,56.75795000,4
"Photo Editing;Utilities;Video Production",56.66670000,1
"Nudity;Violent;Gore;Action;Adventure;Indie;Early Access",56.52170000,1
"Indie;Massively Multiplayer;Racing;Simulation;Early Access",56.31400000,1
"Racing;Simulation;Strategy;Early Access",56.25000000,1
"Action;Casual;Indie;Simulation;Early Access",56.18726923,13
"Action;RPG;Strategy;Early Access",56.00000000,1
Violent;Gore;Adventure;Casual;Indie,55.97865000,4
"Utilities;Early Access",55.93767500,4
"Action;Sports;Early Access",55.83890000,3
"Action;Adventure;Indie;Massively Multiplayer;Simulation;Early Access",55.63485714,7
"Violent;Action;Casual;Indie;Simulation;Early Access",55.55560000,1
Violent;Action;Adventure;Casual;Indie;RPG;Simulation;Strategy,55.55560000,1
"Action;Adventure;RPG;Sports;Early Access",55.55560000,1
Nudity;Violent;Gore;Action;Adventure;Indie,55.49556000,5
"Violent;Action;Casual;Indie;Massively Multiplayer;Racing",55.42170000,1
Action;Adventure;Casual;Indie;Racing;RPG;Simulation;Sports,55.37280000,2
"Indie;RPG;Simulation;Sports;Strategy;Early Access",55.35710000,1
Strategy;RPG,55.33330000,1
Violent;Adventure;Indie;RPG;Strategy,55.30300000,2
Casual;Simulation;Sports,55.25449167,24
Action;Simulation,55.02278095,63
"Sexual Content;Nudity;Violent;Action;Indie",55.00000000,2
Action;Racing;Simulation;Sports,54.85641250,8
"Violent;Gore;Action;Adventure;Early Access",54.83870000,1
"Design & Illustration;Early Access",54.73650000,3
"Action;Massively Multiplayer;RPG;Early Access",54.56990000,2
"Action;Massively Multiplayer;Strategy",54.54550000,1
Gore;Action;Adventure;Indie,54.54361667,12
Casual;RPG;Simulation,54.52572222,9
"Massively Multiplayer;RPG;Early Access",54.50730000,1
Action;Adventure;Casual;Strategy,54.42675714,7
"Action;Adventure;Early Access;Indie;Strategy",54.41180000,1
Nudity;Violent;Action;Adventure;Indie,54.41180000,2
Action;Adventure;Casual;Indie;Racing;RPG;Simulation;Sports;Strategy,54.35843333,3
Violent;Action;Adventure,54.12230000,13
"Action;Adventure;Massively Multiplayer",54.08766667,6
"Action;Indie;Massively Multiplayer;Racing",54.00000000,1
"Action;Massively Multiplayer;Racing;Simulation",53.95680000,1
Nudity;Violent;Gore;Action;Indie;Simulation,53.94735000,2
"Casual;Indie;Massively Multiplayer;Simulation;Sports;Early Access",53.84620000,1
"Action;Adventure;Free to Play;Early Access",53.84620000,1
"Violent;Gore;Action;Indie;Simulation;Sports;Early Access",53.84620000,1
Action;Indie;Simulation;Sports;Strategy,53.61250000,4
"Action;Adventure;Indie;RPG;Strategy;Early Access",53.56745238,21
Nudity;Violent;Gore;Action;Indie,53.56045000,2
Action;Adventure;Casual;Indie;Racing;Strategy,53.33335000,2
Violent;Gore;Action;Adventure;Strategy,53.33330000,1
"Sexual Content;Nudity;Adventure;Casual;Indie;RPG;Simulation",53.33330000,1
"Audio Production;Utilities",53.29967500,8
Adventure;Casual;Indie;Simulation;Strategy,53.18057500,24
"Action;Adventure;Casual;Indie;Racing;RPG;Simulation;Strategy;Early Access",53.06120000,1
Casual;Indie;Simulation;Sports,53.01982593,27
Violent;Gore;Casual;Indie;Strategy,52.94120000,1
Violent;Action;Sports,52.63160000,1
Action;Adventure;Casual;Indie;Simulation;Strategy,52.54260909,22
Action;Sports,52.46900625,16
"Action;Free to Play;Massively Multiplayer;RPG;Strategy",52.42910000,1
"Violent;Gore;Action;Indie;Massively Multiplayer;RPG;Simulation;Strategy",52.34160000,1
Action;Adventure;Casual;Indie;RPG;Simulation;Strategy,52.12629167,24
"Animation & Modeling;Design & Illustration;Education;Photo Editing;Software Training;Utilities;Video Production",52.00000000,1
"Action;Casual;Indie;RPG;Strategy;Early Access",51.85183333,3
Violent;Action;Casual;Indie,51.75511818,11
Violent;Action;Indie;RPG;Simulation;Strategy,51.69490000,1
"Action;Massively Multiplayer;Simulation",51.56674000,5
Simulation;Sports;Strategy,51.52376923,13
Violent;Indie,51.49838750,8
Nudity;Violent;Gore;Action;Casual;Indie,51.42860000,1
Violent;Gore;Action;Adventure,51.24800000,11
"Violent;Gore;Action;Adventure;Indie;RPG;Early Access",51.09430000,3
Violent;Action;Indie;Simulation,51.00675714,7
"Violent;Gore;Indie;Early Access",50.79365000,2
"Sexual Content;Nudity;Adventure;Casual;Indie;Simulation",50.59657500,4
"Violent;Gore;Action;Adventure;Indie;Massively Multiplayer",50.59520000,2
Action;Adventure;Racing;RPG,50.23105000,2
"Action;Adventure;Casual;Indie;Simulation;Strategy;Early Access",50.09212000,5
"Racing;Sports;Early Access",50.00000000,1
"Design & Illustration;Utilities;Video Production",50.00000000,1
Casual;Indie;Racing;Strategy,50.00000000,1
"Action;Adventure;Strategy;Early Access",50.00000000,1
"Action;Adventure;Casual;RPG;Simulation;Strategy;Early Access",50.00000000,1
"Violent;Action;Indie;Strategy;Early Access",50.00000000,1
"Action;Adventure;Indie;RPG;Sports;Strategy;Early Access",50.00000000,1
"Violent;Action;Adventure;Indie;Strategy;Early Access",50.00000000,1
"Action;Casual;Indie;Massively Multiplayer;Simulation;Sports",50.00000000,1
"Nudity;Violent;Gore;Indie;Early Access",50.00000000,1
"Action;Adventure;Casual;Free to Play;Indie;RPG",50.00000000,1
"Action;Adventure;Indie;Simulation;Sports;Early Access",50.00000000,1
"Violent;Action;Casual;Early Access",50.00000000,1
"Casual;Massively Multiplayer;Simulation;Sports;Early Access",50.00000000,1
Gore;Adventure;Indie;Simulation,50.00000000,1
"Adventure;Casual;Indie;Sports;Early Access",50.00000000,1
Violent;Gore;Casual;Indie;Simulation;Sports,50.00000000,1
Adventure;Casual;Indie;Racing;RPG;Simulation;Sports;Strategy,50.00000000,1
Violent;Gore,50.00000000,1
Nudity;Gore;Action;Indie,50.00000000,1
Casual;Racing;Simulation,50.00000000,3
"Adventure;Indie;Racing;Simulation;Early Access",50.00000000,1
"Gore;Action;Adventure;Indie;Early Access",50.00000000,1
"Video Production",50.00000000,1
"Sexual Content;Violent;Action;Indie;Early Access",50.00000000,1
"Casual;Racing;Early Access",50.00000000,1
"Action;Casual;Free to Play;Indie;Racing;Simulation;Strategy",50.00000000,1
"Adventure;Casual;Indie;Massively Multiplayer",50.00000000,1
"Violent;Gore;Action;Adventure;RPG;Simulation;Strategy;Early Access",50.00000000,1
"Adventure;Indie;Massively Multiplayer;RPG;Early Access",50.00000000,1
Adventure;Casual;Indie;Simulation;Accounting,50.00000000,1
"Gore;Action;Adventure;Indie;RPG;Simulation;Early Access",50.00000000,1
"Sexual Content;Violent;Action;Adventure;Indie",50.00000000,1
"Action;RPG;Simulation;Early Access",50.00000000,1
"Action;Adventure;Casual;Indie;Racing;RPG;Simulation;Sports;Strategy;Early Access",50.00000000,1
"Casual;Free to Play;Indie",50.00000000,1
"Violent;Simulation;Early Access",50.00000000,1
"Sexual Content;Nudity",50.00000000,1
Violent;Gore;Casual,50.00000000,1
"Casual;Indie;Accounting;Design & Illustration;Software Training;Web Publishing;Documentary;Tutorial",50.00000000,1
Action;Casual;Racing;Simulation,50.00000000,1
"Action;Adventure;Indie;Massively Multiplayer;RPG;Strategy;Early Access",50.00000000,1
"Action;Adventure;Massively Multiplayer;Simulation",49.81480000,3
"Action;Adventure;Casual;Indie;RPG;Strategy;Early Access",49.80402000,5
"Action;Indie;Massively Multiplayer;RPG",49.70240000,2
"Nudity;Violent;Gore;Action;Adventure;Indie;Massively Multiplayer;Racing;RPG;Simulation;Early Access",49.61240000,1
"Sexual Content;Nudity;Violent;Action;Adventure;Indie",49.50000000,2
"Sexual Content;Nudity;Violent;Gore;Action;Adventure",49.47440000,1
"Action;Massively Multiplayer",49.45134000,5
"Action;Casual;Simulation;Strategy;Early Access",49.10715000,2
Strategy;Indie;Casual;Simulation,49.09090000,1
Violent;Gore;Action;Indie;Simulation,48.74971667,6
Nudity;Casual;Indie;Simulation,48.64860000,1
"Action;Adventure;Casual;Indie;Massively Multiplayer;Racing;RPG;Simulation;Sports;Strategy",48.62243333,3
Casual;Indie;Racing;Sports,48.52059000,10
"Nudity;Violent;Action;Adventure;Indie;Racing;Simulation;Early Access",48.48480000,1
Casual;Indie;Sports;Strategy,48.42746667,9
"Action;Adventure;Indie;Massively Multiplayer",48.21430000,2
"Violent;Action;Adventure;RPG;Strategy;Early Access",47.61900000,1
Violent;Action;Adventure;Casual;Indie;RPG,47.61900000,1
Action;Adventure;Casual;Indie;Sports,47.52527500,4
"Nudity;Action;Adventure;Casual;Indie;Simulation;Early Access",47.45760000,1
Action;Adventure;Casual;Racing;RPG;Simulation;Sports;Strategy,47.36840000,1
"Sexual Content;Nudity;Gore;Action;Adventure;Casual;Indie;RPG;Simulation",47.22220000,1
Casual;Racing;Simulation;Sports,47.22220000,2
"Indie;Massively Multiplayer;Racing;Simulation;Sports",47.16980000,1
Action;Strategy;Indie,46.91560000,2
Adventure;Simulation;Sports,46.82430000,4
Violent;Gore;Action;Adventure;Casual;Indie,46.72365000,10
"Casual;Indie;Massively Multiplayer;Simulation;Strategy",46.66670000,1
"Violent;Gore;Action;Adventure;Indie;Massively Multiplayer;RPG;Simulation;Early Access",46.52370000,1
"Action;Indie;RPG;Simulation;Sports;Early Access",46.46460000,1
"Education;Software Training;Utilities;Video Production",46.15380000,1
"Sports;Strategy;Early Access",46.15380000,1
"Action;Massively Multiplayer;Early Access",45.93442000,5
"Adventure;RPG;Strategy;Early Access",45.88235000,2
"Action;Massively Multiplayer;RPG;Strategy",45.45450000,1
Violent;Action;Simulation,45.25426667,3
"Action;Adventure;Free to Play;Indie;Massively Multiplayer;Strategy;Early Access",45.25420000,1
"Violent;Adventure;Casual;Indie;Strategy;Early Access",45.00000000,1
"Casual;Strategy;Early Access",45.00000000,2
Violent;Gore;Action;Simulation;Strategy,44.90050000,1
"Action;Adventure;Casual;Indie;Racing;RPG;Simulation;Early Access",44.66670000,1
Adventure;Sports,44.57600000,2
Casual;Strategy;Indie,44.44440000,1
Violent;Action;RPG,44.44440000,1
Violent;Action;Adventure;Casual;Indie;RPG;Strategy,44.44440000,1
"Animation & Modeling;Utilities;Video Production",44.44440000,1
"Adventure;Simulation;Early Access",44.43064000,5
"Adventure;Casual;Early Access",44.10190000,4
"Audio Production;Education;Software Training;Video Production;Web Publishing",43.61700000,1
"Action;Casual;Strategy;Early Access",43.61115000,2
Action;Indie;RPG;Simulation,42.96945000,4
"Action;Adventure;Casual;Free to Play;Indie;Massively Multiplayer;Racing;RPG;Simulation;Sports;Strategy",42.95741667,6
Violent;Gore;Action;Adventure;Casual,42.85715000,2
"Casual;RPG;Early Access",42.85715000,2
"Sexual Content;Adventure;Indie",42.85710000,1
"Gore;Action;Adventure;RPG;Early Access",42.85710000,1
"Sexual Content;Nudity;Violent;Gore;Adventure;Indie;RPG",42.85710000,1
"Action;Adventure;Casual;Massively Multiplayer;RPG;Simulation",42.85710000,1
Violent;Gore;Adventure;Indie;Simulation,42.42046667,3
"Action;Indie;Massively Multiplayer;RPG;Simulation",42.30830000,1
"Adventure;Indie;RPG;Simulation;Strategy;Early Access",42.13625000,4
"Casual;Indie;Massively Multiplayer;Early Access",41.90476667,3
"Action;Adventure;Casual;Indie;Massively Multiplayer;Simulation",41.74603333,3
"Accounting;Animation & Modeling;Audio Production;Design & Illustration;Education;Photo Editing;Software Training;Utilities;Video Production;Web Publishing",41.66670000,1
Violent;Gore;Adventure;Indie;Simulation;Strategy,41.66670000,1
"Audio Production",41.56000000,3
Action;Racing;Simulation,41.42058333,6
"Violent;Action;Free to Play;Indie;Massively Multiplayer",41.17650000,1
"Adventure;Casual;Indie;Massively Multiplayer;Strategy;Early Access",41.17650000,1
Action;Adventure;Casual;Indie;Racing;Sports;Strategy,40.90910000,1
"Action;Adventure;Massively Multiplayer;RPG;Early Access",40.36395000,4
Violent;Action;Adventure;Simulation,40.00000000,1
Action;Adventure;RPG;Simulation,40.00000000,1
"Violent;Action;Adventure;Indie;RPG;Early Access",40.00000000,1
"Action;Adventure;Massively Multiplayer;Racing;Early Access",40.00000000,1
Adventure;Indie;Simulation;Sports,40.00000000,1
Adventure;Racing,39.87656667,3
"Sexual Content;Nudity;Action;Casual;Indie;RPG;Simulation;Strategy",39.60400000,1
Gore;Action,39.25926667,3
"Adventure;Massively Multiplayer;RPG;Simulation;Early Access",39.19930000,1
"Casual;Massively Multiplayer;Simulation;Strategy",39.19353333,3
Violent;Action;Adventure;Indie;Strategy,39.16665000,2
"Nudity;Violent;Gore;Adventure;Indie;RPG;Early Access",39.13040000,1
"Violent;Gore;Simulation;Early Access",39.13040000,1
"Adventure;Casual;Indie;Massively Multiplayer;Simulation",38.92855000,2
"Gore;Action;Indie;RPG;Early Access",38.88890000,1
"Animation & Modeling;Design & Illustration;Education;Software Training;Utilities;Early Access",38.80600000,1
"Violent;Gore;Action;Indie;RPG;Simulation;Early Access",38.77550000,1
Violent;Action;Adventure;Indie;Simulation;Strategy,38.75000000,2
"Violent;Gore;Action;Adventure;Casual;Indie;Massively Multiplayer;RPG;Strategy;Early Access",38.51850000,1
"Nudity;Adventure;Indie;Early Access",38.46150000,1
"RPG;Simulation;Strategy;Early Access",38.01225000,2
"Nudity;Violent;Indie;Massively Multiplayer;Early Access",37.90320000,1
Indie;Casual;Sports,37.50000000,1
Adventure;Casual;Indie;RPG;Simulation;Sports;Strategy,37.50000000,2
"Adventure;Casual;Indie;Racing;Simulation;Sports;Early Access",37.50000000,1
"Adventure;Casual;Indie;Massively Multiplayer;RPG;Strategy;Early Access",37.50000000,1
"Sexual Content;Violent;Gore;Indie",37.50000000,1
"Action;Casual;Indie;Massively Multiplayer;Racing",37.50000000,1
Violent;Strategy,37.14290000,1
"Violent;Action;Indie;Massively Multiplayer;RPG;Strategy;Early Access",37.07870000,1
"Action;Adventure;Casual;Free to Play;Indie;Racing;RPG;Simulation;Sports",37.03703333,3
Action;Adventure;Simulation;Strategy,37.00000000,5
Violent;Gore;Action;Adventure;Casual;Indie;RPG,36.79250000,1
"Sexual Content;RPG",36.44500000,2
"Violent;Gore;Adventure;Indie;Early Access",36.36360000,2
Nudity;Violent;Gore;Action;Adventure;Indie;RPG;Simulation,36.36360000,1
Action;Adventure;Casual;Indie;Racing;Simulation;Sports;Strategy,36.11110000,2
Nudity;Violent;Strategy,36.00000000,1
"Gore;Action;Indie;Racing;Early Access",35.71430000,1
Violent;Action;Casual,35.57907500,8
Violent;Gore;Action;Adventure;Casual;Indie;Racing;Sports,35.55560000,1
Adventure;Casual;Indie;Racing;Simulation;Sports,35.34563333,6
"Gore;Indie;Early Access",35.18520000,1
"Nudity;Action;Indie;Early Access",34.61540000,1
Action;Casual;Indie;Racing;Simulation;Sports;Strategy,34.61540000,2
"Violent;Action;Adventure;Casual;Indie;RPG;Simulation;Early Access",33.61340000,1
Violent;Gore;Action;Adventure;Casual;Indie;Strategy,33.33335000,2
Violent;Action;Indie;RPG;Strategy,33.33335000,2
"Action;Casual;Free to Play",33.33330000,1
"Sexual Content;Action;Strategy",33.33330000,1
Nudity;Violent;Gore;Action;Adventure;Casual;Indie;RPG;Simulation;Strategy,33.33330000,1
Violent;Gore;Action;Adventure;Casual;Indie;RPG;Strategy,33.33330000,1
Gore;Adventure;Indie;Racing,33.33330000,1
"Nudity;Adventure;Casual;Indie;RPG;Early Access",33.33330000,1
"Violent;Action;Adventure;Indie;Simulation;Strategy;Early Access",33.33330000,1
Adventure;Racing;Sports,33.33330000,1
"Sexual Content;Violent;Adventure;Casual",33.33330000,1
"Indie;Audio Production;Utilities",33.33330000,1
"Adventure;Casual;Indie;Massively Multiplayer;RPG",33.33330000,1
"Adventure;Massively Multiplayer;RPG",33.33330000,1
"Violent;Adventure;Indie;Simulation;Strategy;Early Access",30.76920000,1
"Violent;Action;Adventure;Indie;Simulation;Early Access",30.76920000,1
"Sexual Content;Action;Adventure;Indie;RPG",30.76920000,1
Violent;Action;Casual;Simulation,30.55555000,2
"Casual;Simulation;Strategy;Early Access",30.24690000,3
"Action;Adventure;Massively Multiplayer;Simulation;Early Access",30.18575000,2
Action;Adventure;Casual;Indie;RPG;Sports,30.00000000,2
Action;Casual;Indie;Racing;Simulation;Strategy,30.00000000,2
"Action;Adventure;Casual;Strategy;Early Access",27.77780000,2
"Violent;Gore;Action;Adventure;Indie;Strategy;Early Access",27.77780000,1
"Action;Adventure;Racing;Simulation;Early Access",27.77780000,2
Violent;Action;Adventure;Indie;RPG;Simulation;Sports,27.50000000,1
Adventure;Casual;Indie;Simulation;Sports,27.23213750,8
"Sexual Content;Nudity;Violent;Gore;Action;Adventure;Indie;Early Access",26.78570000,2
"Action;Casual;Free to Play;Indie;Massively Multiplayer",26.66670000,1
"Utilities;Video Production",25.68555000,2
"Violent;Action;Adventure;Indie;Massively Multiplayer;Racing;RPG;Simulation;Sports;Strategy",25.00000000,1
"Action;Casual;Massively Multiplayer;Simulation;Strategy",25.00000000,1
"Violent;Gore;Action;Indie;Massively Multiplayer;Early Access",25.00000000,1
"Violent;Gore;Casual;Indie;RPG;Simulation;Early Access",25.00000000,1
Violent;Gore;Action;Adventure;Indie;Racing,25.00000000,1
Nudity;Casual;Indie;Sports,25.00000000,1
Violent;Action;Casual;Indie;Simulation,24.62292500,8
Action;Casual;RPG;Strategy,21.42860000,1
"Violent;Gore;Action;Massively Multiplayer;RPG;Simulation",21.42860000,1
Action;Adventure;Casual;Simulation;Strategy,21.11110000,1
"Indie;Massively Multiplayer;Simulation;Sports;Early Access",20.00000000,1
"Gore;Action;Early Access",20.00000000,1
"Violent;Action;Adventure;Indie;Massively Multiplayer;RPG;Simulation;Strategy",20.00000000,1
Adventure;Casual;Indie;Racing;Strategy,20.00000000,1
"Sexual Content;Action;Indie",16.66670000,1
"Action;Adventure;Casual;Indie;Massively Multiplayer;RPG;Simulation;Strategy",14.15930000,1
"Sexual Content;Casual;Indie;Simulation;Sports",13.33330000,1
"Violent;Action;Adventure;Early Access",12.50000000,2
"Sexual Content;Gore;Adventure;Indie",12.00000000,1
"Casual;Indie;Massively Multiplayer;Sports;Strategy",11.11110000,1
Violent;Action;Simulation;Sports,7.69230000,1
"Adventure;Indie;Massively Multiplayer;RPG;Simulation;Early Access",7.69230000,1
"Animation & Modeling;Audio Production;Software Training;Utilities;Video Production",0.00000000,1
"Violent;Gore;Action;Indie;Massively Multiplayer",0.00000000,1
"Nudity;Adventure;Casual;Indie;Early Access",0.00000000,1
Violent;Action;Casual;Racing,0.00000000,1
Adventure;Casual;Sports,0.00000000,1
"Action;Casual;Free to Play;Indie;RPG;Simulation;Strategy",0.00000000,1
"Violent;Action;Adventure;Casual;RPG;Early Access",0.00000000,1
"Action;Adventure;Free to Play;Racing;Sports;Early Access",0.00000000,1
"Action;Adventure;Massively Multiplayer;Racing;Simulation",0.00000000,1
"Sexual Content;Violent;RPG",0.00000000,1
"Sexual Content;Violent;Gore;Adventure;Casual;Indie",0.00000000,1
"Adventure;Casual;Indie;Racing;Simulation;Early Access",0.00000000,1
"Sexual Content;Adventure",0.00000000,1
Violent;Gore;Adventure;Indie;Strategy,0.00000000,1
"Action;Casual;Indie;Racing;Simulation;Sports;Strategy;Early Access",0.00000000,1
Action;Casual;RPG;Sports,0.00000000,1
Violent;Gore;Action;Adventure;Casual;Sports,0.00000000,1
"Casual;Massively Multiplayer;Simulation",0.00000000,1
"Action;Casual;Indie;Racing;RPG;Simulation;Sports;Early Access",0.00000000,1
Violent;Gore;Action;Adventure;Casual;Indie;Simulation,0.00000000,1
Violent;Gore;Action;Adventure;Indie;Racing;RPG;Simulation;Strategy,0.00000000,1
Violent;Action;Indie;RPG,0.00000000,1
"Adventure;Casual;Indie;Racing;Early Access",0.00000000,1
"Casual;Simulation;Sports;Early Access",0.00000000,1
